,,,,,
Name,Brand,Image URL,Price,MSRP,Units Available
ASHCROFT QUEEN BED,Moe's Home Collection,https://storage.googleapis.com/floorfound-prod-cdn/moes/products/images/4c13faa2-69c6-453d-89a0-b5e26d1ce31a.jpg,$523.08,"$1,453.00",1
ASHCROFT KING BED,Moe's Home Collection,https://storage.googleapis.com/floorfound-prod-cdn/moes/products/images/26f888fb-749f-4734-a38c-0007183cce05.jpg,$583.20,"$3,650.00",16
TERRA CORNER CHAIR PERFORMANCE FABRIC NOCTURNAL SKY,Moe's Home Collection,https://storage.googleapis.com/floorfound-prod-cdn/moes/products/images/95a61324-fe4f-4f87-87ab-139b46b998d9.jpg,$248.40,"$1,550.00",5
CLAY SLIPPER CHAIR NUBUCK LEATHER BLACK,Moe's Home Collection,https://storage.googleapis.com/floorfound-prod-cdn/moes/products/images/4a4f8344-db33-4f79-9a6a-b713e39760db.jpg,$483.12,"$2,550.00",7
CLAY CORNER CHAIR PERFORMANCE FABRIC NOCTURNAL SKY,Moe's Home Collection,https://storage.googleapis.com/floorfound-prod-cdn/moes/products/images/da273501-0468-4191-8f83-7b3a31df99a1.jpg,$286.20,"$1,799.00",1
NAPOLI LEATHER BARSTOOL BLACK,Moe's Home Collection,https://storage.googleapis.com/floorfound-prod-cdn/moes/products/images/857169dd-c4c4-4601-8f87-b20b1900f832.jpg,$129.60,$815.00,1
MONTEGO QUEEN BED,Moe's Home Collection,https://storage.googleapis.com/floorfound-prod-cdn/moes/products/images/9b403525-ac8f-41a1-9ba5-f4d2624a5e11.jpg,$385.56,"$1,071.00",1
FORM OTTOMAN VANTAGE BLACK LEATHER,Moe's Home Collection,https://storage.googleapis.com/floorfound-prod-cdn/moes/products/images/687096fc-c7e0-457f-b0d4-626b061e266d.jpg,$181.80,$939.00,5
FORM SLIPPER CHAIR VANTAGE BLACK LEATHER,Moe's Home Collection,https://storage.googleapis.com/floorfound-prod-cdn/moes/products/images/fa16a6e0-d758-41a9-93f7-2ffc8efec778.jpg,$277.56,"$1,449.00",31
FORM CORNER CHAIR VANTAGE BLACK LEATHER,Moe's Home Collection,https://storage.googleapis.com/floorfound-prod-cdn/moes/products/images/afb13668-cb77-496d-a867-ace019cecfac.jpg,$333.72,"$1,699.00",14
ROMY OTTOMAN FOREST SHADE,Moe's Home Collection,https://storage.googleapis.com/floorfound-prod-cdn/moes/products/images/40a8dd73-52bf-4a49-8d9b-2ca44ba8ff76.jpg,$155.52,$969.00,1
EVANDER DINING STOOL,Moe's Home Collection,https://storage.googleapis.com/floorfound-prod-cdn/moes/products/images/f8616a12-77a2-4c66-9b4b-04b329e1c6d6.jpg,$192.96,$999.00,30
EVANDER DINING STOOL RUSTIC BROWN,Moe's Home Collection,https://storage.googleapis.com/floorfound-prod-cdn/moes/products/images/44e2775f-72d5-4cc1-92c7-6f258a30ca06.jpg,$192.96,$999.00,19
AUGUST COUNTER TABLE SMALL,Moe's Home Collection,https://storage.googleapis.com/floorfound-prod-cdn/moes/products/images/1dd64b13-1e62-4d6f-b2b4-3f9a1eeeda8f.jpg,$383.76,"$2,450.00",5
VAULT DINING TABLE WHITE,Moe's Home Collection,https://storage.googleapis.com/floorfound-prod-cdn/moes/products/images/9a9afd10-854f-4865-b3aa-2ef999a46540.jpg,$244.08,"$1,249.00",1
TADE 6 DRAWER DRESSER HONEY PINE,Moe's Home Collection,https://assets.wfcdn.com/im/18498615/resize-h110-w290%5Ecompr-r85/3771/37711475/default_name.jpg,$377.64,"$1,049.00",17
ERA COFFEE TABLE LARGE SMOKED,Moe's Home Collection,https://storage.googleapis.com/floorfound-prod-cdn/moes/products/images/18c2cb10-e90a-42a9-8429-4c1a6254060f.jpg,$232.20,$645.00,1
BIRD DINING TABLE LARGE,Moe's Home Collection,https://storage.googleapis.com/floorfound-prod-cdn/moes/products/images/4c6607b0-14ad-4458-bbef-08b5400a0300.jpg,$533.16,"$1,481.00",18
TANYA DINING TABLE,Moe's Home Collection,https://storage.googleapis.com/floorfound-prod-cdn/moes/products/images/e9e80a4e-a5a6-44c5-b42d-fa2f22e1bca5.jpg,$339.12,"$2,250.00",45
BIRD DINING TABLE,Moe's Home Collection,https://storage.googleapis.com/floorfound-prod-cdn/moes/products/images/2eeb8a4e-39ea-4c95-8ba3-a1c4591ee41c.jpg,$474.84,"$2,975.00",24
TADE 2 DRAWER SIDEBOARD HONEY PINE,Moe's Home Collection,https://assets.wfcdn.com/im/18498615/resize-h110-w290%5Ecompr-r85/3771/37711475/default_name.jpg,$347.40,"$1,799.00",14
BENT BENCH SMALL WEATHERED GREY,Moe's Home Collection,https://storage.googleapis.com/floorfound-prod-cdn/moes/products/images/49cde2b3-0361-4199-b5ae-46a5723939e6.jpg,$222.48,"$1,399.00",3
EMELIA BARSTOOL IVORY,Moe's Home Collection,https://storage.googleapis.com/floorfound-prod-cdn/moes/products/images/784fd065-e17d-4d0e-b504-e1d27bbddaf8.jpg,$56.88,$419.00,1
NINA QUEEN BED FOREST GREEN,Moe's Home Collection,https://storage.googleapis.com/floorfound-prod-cdn/moes/products/images/657f0b7c-fb76-4092-af83-d7b2aa98e369.jpg,$501.48,"$1,393.00",1
EDGE DINING TABLE SMALL,Moe's Home Collection,https://storage.googleapis.com/floorfound-prod-cdn/moes/products/images/f6d524ba-1c5d-4b0d-bf6f-a00c4a5dbdf9.jpg,$294.84,"$1,499.00",31
CRAFTSMAN BAR TABLE,Moe's Home Collection,https://storage.googleapis.com/floorfound-prod-cdn/moes/products/images/849a473b-1858-4f30-9048-8096043cee64.jpg,$300.24,"$1,975.00",22
OLIVIA CORNER CHAIR PERFORMANCE FABRIC SAND,Moe's Home Collection,https://assets.wfcdn.com/im/18498615/resize-h110-w290%5Ecompr-r85/3771/37711475/default_name.jpg,$244.08,"$1,249.00",3
OLIVIA SLIPPER CHAIR PERFORMANCE FABRIC SAND,Moe's Home Collection,https://assets.wfcdn.com/im/18498615/resize-h110-w290%5Ecompr-r85/3771/37711475/default_name.jpg,$225.72,"$1,149.00",4
OLIVIA RIGHT ARM FACING CHAIR PERFORMANCE FABRIC SAND,Moe's Home Collection,https://assets.wfcdn.com/im/18498615/resize-h110-w290%5Ecompr-r85/3771/37711475/default_name.jpg,$246.60,"$1,299.00",1
OLIVIA LEFT ARM FACING CHAIR PERFORMANCE FABRIC SAND,Moe's Home Collection,https://assets.wfcdn.com/im/18498615/resize-h110-w290%5Ecompr-r85/3771/37711475/default_name.jpg,$246.60,"$1,299.00",2
LAFAYETTE SOFA,Moe's Home Collection,https://storage.googleapis.com/floorfound-prod-cdn/moes/products/images/83a81ae9-398f-4e96-a721-44038721f5e7.jpg,$336.24,"$2,099.00",4
TUMBLE OTTOMAN CHARCOAL,Moe's Home Collection,https://storage.googleapis.com/floorfound-prod-cdn/moes/products/images/c919e5cf-078c-498e-9944-d8a0e816c598.jpg,$88.56,$459.00,18
TUMBLE SLIPPER CHAIR NAVY,Moe's Home Collection,https://storage.googleapis.com/floorfound-prod-cdn/moes/products/images/0c42b0e6-35df-4674-a51d-b8ff02bcb783.jpg,$171.00,"$1,075.00",5
TUMBLE SLIPPER CHAIR CHARCOAL,Moe's Home Collection,https://storage.googleapis.com/floorfound-prod-cdn/moes/products/images/e7c723e4-049d-4c16-8107-daf17c51f98f.jpg,$169.20,$869.00,5
TUMBLE SLIPPER CHAIR CAPPUCCINO,Moe's Home Collection,https://storage.googleapis.com/floorfound-prod-cdn/moes/products/images/211dff67-bf0a-4c97-bb39-0f3a9c1819da.jpg,$169.20,$869.00,7
TUMBLE CORNER CHARCOAL,Moe's Home Collection,https://storage.googleapis.com/floorfound-prod-cdn/moes/products/images/5b4b1b38-f3a9-4a43-a6d5-3899b6c07cfe.jpg,$183.24,$939.00,12
PLUNGE SECTIONAL DARK BROWN,Moe's Home Collection,https://storage.googleapis.com/floorfound-prod-cdn/moes/products/images/2df82ee7-563f-4af6-950f-aeb96675872b.jpg,$455.40,"$3,250.00",44
PARQ 60IN ROUND DINING TABLE AMBER,Moe's Home Collection,https://storage.googleapis.com/floorfound-prod-cdn/moes/products/images/e83dc95c-fdcc-46ca-9f36-26e8565a9d26.jpg,$213.12,"$1,325.00",12
TIBURON MEDIA CABINET,Moe's Home Collection,https://storage.googleapis.com/floorfound-prod-cdn/moes/products/images/0bbd6ff2-ebc2-4d18-8664-6e775354b820.jpg,$268.92,$747.00,7
TIBURON SIDE TABLE,Moe's Home Collection,https://storage.googleapis.com/floorfound-prod-cdn/moes/products/images/5100883d-25c4-4dc5-8428-9c2bcb21dcd5.jpg,$87.48,$459.00,3
LUZON KING BED TALL HEADBOARD LIGHT GREY,Moe's Home Collection,https://storage.googleapis.com/floorfound-prod-cdn/moes/products/images/67ba0fa3-e2e5-4ba7-b764-641e27ccb517.jpg,$407.16,"$1,131.00",3
JUSTIN SLIPPER CHAIR LIGHT GREY,Moe's Home Collection,https://storage.googleapis.com/floorfound-prod-cdn/moes/products/images/9da71c8d-0924-4e70-a7ed-ca8ff94702ad.jpg,$207.36,"$1,099.00",23
JUSTIN OTTOMAN LIGHT GREY,Moe's Home Collection,https://storage.googleapis.com/floorfound-prod-cdn/moes/products/images/685cc1b4-231f-4af7-b8c6-b7adb0c55836.jpg,$142.56,$739.00,15
SURI OUTDOOR 2-SEAT SOFA TAUPE,Moe's Home Collection,https://assets.wfcdn.com/im/18498615/resize-h110-w290%5Ecompr-r85/3771/37711475/default_name.jpg,$248.04,"$1,299.00",2
THAD OTTOMAN,Moe's Home Collection,https://storage.googleapis.com/floorfound-prod-cdn/moes/products/images/35e66f39-7fdd-47a1-b95f-52dabe258bc3.jpg,$291.24,"$1,925.00",22
LUXE CORNER CHAIR TAN,Moe's Home Collection,https://storage.googleapis.com/floorfound-prod-cdn/moes/products/images/83ba63c3-9e1f-48fd-98fa-6301d01028bb.jpg,$349.20,"$1,799.00",24
LUXE CORNER CHAIR ANTIQUE BLACK,Moe's Home Collection,https://storage.googleapis.com/floorfound-prod-cdn/moes/products/images/47dea60d-5c05-43da-b18d-9a5b29f1e118.jpg,$349.20,"$2,375.00",12
LUXE SLIPPER CHAIR TAN,Moe's Home Collection,https://storage.googleapis.com/floorfound-prod-cdn/moes/products/images/140641a7-3c5d-402f-abe1-7e59669b2b8e.jpg,$302.40,"$1,549.00",6
NATE SLATE CONSOLE TABLE,Moe's Home Collection,https://storage.googleapis.com/floorfound-prod-cdn/moes/products/images/0e6066d0-133d-4a83-aafa-bdee250b2869.jpg,$183.60,"$1,150.00",17
GRADUATE LOUNGE CHAIR OPEN ROAD BROWN LEATHER,Moe's Home Collection,https://storage.googleapis.com/floorfound-prod-cdn/moes/products/images/84b26ae4-8eac-4bd9-98c6-4b104c720f70.jpg,$258.12,$717.00,7
CARLISLE CLUB CHAIR ROLLING GREY VELVET,Moe's Home Collection,https://storage.googleapis.com/floorfound-prod-cdn/moes/products/images/6d81dd9d-890d-447b-83d7-ba7e9196db3c.jpg,$277.56,"$1,750.00",1
COME TO REST OUTDOOR DINING CHAIR SEASHELL,Moe's Home Collection,https://assets.wfcdn.com/im/18498615/resize-h110-w290%5Ecompr-r85/3771/37711475/default_name.jpg,$162.00,$390.00,3
TAKE IT EASY OUTDOOR DINING CHAIR GRANITE SET OF TWO,Moe's Home Collection,https://assets.wfcdn.com/im/18498615/resize-h110-w290%5Ecompr-r85/3771/37711475/default_name.jpg,$210.60,$585.00,1
Plane Outdoor Teak Dining Table For 6,Moe's Home Collection,https://img.uline.com/is/image/uline/S-4084?$Small$,$489.60,"$2,250.00",20
FEEL GOOD STORAGE OTTOMAN DARK SHADOW,Moe's Home Collection,https://assets.wfcdn.com/im/18498615/resize-h110-w290%5Ecompr-r85/3771/37711475/default_name.jpg,$185.04,$959.00,1
FEEL GOOD STORAGE OTTOMAN SMOKE,Moe's Home Collection,https://assets.wfcdn.com/im/18498615/resize-h110-w290%5Ecompr-r85/3771/37711475/default_name.jpg,$265.68,"$1,399.00",8
JULES OUTDOOR ACCENT CHAIR FLECKED BEIGE,Moe's Home Collection,https://assets.wfcdn.com/im/18498615/resize-h110-w290%5Ecompr-r85/3771/37711475/default_name.jpg,$207.72,$999.00,2
ZANDRO SECTIONAL BEIGE LEFT,Moe's Home Collection,https://assets.wfcdn.com/im/18498615/resize-h110-w290%5Ecompr-r85/3771/37711475/default_name.jpg,$698.04,"$1,939.00",11
ROSELLO OTTOMAN WHITE,Moe's Home Collection,https://assets.wfcdn.com/im/18498615/resize-h110-w290%5Ecompr-r85/3771/37711475/default_name.jpg,$114.84,$589.00,7
ROSELLO CORNER CHAIR LIGHT GREY,Moe's Home Collection,https://assets.wfcdn.com/im/18498615/resize-h110-w290%5Ecompr-r85/3771/37711475/default_name.jpg,$203.76,$999.00,18
ROSELLO SLIPPER CHAIR WHITE,Moe's Home Collection,https://assets.wfcdn.com/im/18498615/resize-h110-w290%5Ecompr-r85/3771/37711475/default_name.jpg,$162.00,$829.00,1
ROSELLO RIGHT ARM FACING CHAIR LIGHT GREY,Moe's Home Collection,https://assets.wfcdn.com/im/18498615/resize-h110-w290%5Ecompr-r85/3771/37711475/default_name.jpg,$199.44,$999.00,10
ROSELLO LEFT ARM FACING CHAIR WHITE,Moe's Home Collection,https://assets.wfcdn.com/im/18498615/resize-h110-w290%5Ecompr-r85/3771/37711475/default_name.jpg,$199.44,$999.00,8
LYRIC OTTOMAN OATMEAL,Moe's Home Collection,https://storage.googleapis.com/floorfound-prod-cdn/moes/products/images/f420d71b-fe1d-43c7-a5ad-e582f241d257.jpg,$101.16,$529.00,15
LYRIC OTTOMAN GREY,Moe's Home Collection,https://storage.googleapis.com/floorfound-prod-cdn/moes/products/images/4b7daf93-9b0b-4921-a20d-cccb678d17d4.jpg,$97.20,$615.00,1
LYRIC SLIPPER CHAIR GREY,Moe's Home Collection,https://storage.googleapis.com/floorfound-prod-cdn/moes/products/images/a1786a74-a0ce-4abe-abc2-5d5ba859c3b0.jpg,$110.52,$307.00,16
LYRIC ARM CHAIR RIGHT GREY,Moe's Home Collection,https://storage.googleapis.com/floorfound-prod-cdn/moes/products/images/a710f6cd-e04d-44fc-8eff-1491e44c9e6a.jpg,$155.52,$432.00,2
HUTTON SECTIONAL WHITE RIGHT,Moe's Home Collection,https://assets.wfcdn.com/im/18498615/resize-h110-w290%5Ecompr-r85/3771/37711475/default_name.jpg,$775.44,"$2,154.00",4
THOMAS SECTIONAL PERFORMANCE FABRIC GREY LEFT,Moe's Home Collection,https://assets.wfcdn.com/im/18498615/resize-h110-w290%5Ecompr-r85/3771/37711475/default_name.jpg,$843.48,"$2,343.00",6
THOMAS SOFA PERFORMANCE FABRIC IVORY,Moe's Home Collection,https://assets.wfcdn.com/im/18498615/resize-h110-w290%5Ecompr-r85/3771/37711475/default_name.jpg,$600.84,"$1,669.00",5
LIBERTY DINING CHAIR BLACK-SET OF TWO,Moe's Home Collection,https://assets.wfcdn.com/im/18498615/resize-h110-w290%5Ecompr-r85/3771/37711475/default_name.jpg,$256.32,"$1,598.00",1
Lowtide Corner Chair Warm White,Moe's Home Collection,https://img.uline.com/is/image/uline/S-4084?$Small$,$264.60,"$1,349.00",1
ZEPPELIN OTTOMAN SALT STONE WHITE,Moe's Home Collection,https://storage.googleapis.com/floorfound-prod-cdn/moes/products/images/54bfe11e-a217-41bd-8d12-cc11f0740fe0.jpg,$122.40,$629.00,5
ZEPPELIN OTTOMAN SPECKLED PUMICE,Moe's Home Collection,https://storage.googleapis.com/floorfound-prod-cdn/moes/products/images/4eb41ec5-025a-4ef4-aed3-2b420fc8fd74.jpg,$127.44,$659.00,4
ZEPPELIN SLIPPER CHAIR SALT STONE WHITE,Moe's Home Collection,https://storage.googleapis.com/floorfound-prod-cdn/moes/products/images/d680b8d4-04cc-40f8-8234-6c2a63e3fd1f.jpg,$163.08,"$1,099.00",1
ZEPPELIN CORNER CHAIR SPECKLED PUMICE,Moe's Home Collection,https://storage.googleapis.com/floorfound-prod-cdn/moes/products/images/cd263363-0e1f-41cb-8626-1819eb2e60a3.jpg,$234.36,"$1,199.00",3
ZEPPELIN LEATHER CORNER CHAIR TOASTED HICKORY,Moe's Home Collection,https://storage.googleapis.com/floorfound-prod-cdn/moes/products/images/a2ef05b0-d971-442a-915a-501963ffc788.jpg,$412.92,"$2,599.00",14
OTAGO DINING TABLE 54in ROUND WHITE,Moe's Home Collection,https://storage.googleapis.com/floorfound-prod-cdn/moes/products/images/1903007b-4d04-4d34-83c9-032d2f39822b.jpg,$338.04,"$2,250.00",27
OTAGO DINING TABLE 47IN ROUND WHITE,Moe's Home Collection,https://storage.googleapis.com/floorfound-prod-cdn/moes/products/images/dbe0e3a9-a78a-4447-abbf-c250220e46fd.jpg,$282.60,$785.00,38
OTAGO OVAL DINING TABLE WHITE,Moe's Home Collection,https://storage.googleapis.com/floorfound-prod-cdn/moes/products/images/12305f19-59e4-4638-92a7-5cc14ee268c4.jpg,$343.44,$954.00,6
CLARISSA DINING CHAIR GREY-SET OF TWO,Moe's Home Collection,https://assets.wfcdn.com/im/18498615/resize-h110-w290%5Ecompr-r85/3771/37711475/default_name.jpg,$63.36,$329.00,1
YOON 2 SEAT SOFA LEFT NIGHTSHADE BLUE,Moe's Home Collection,https://storage.googleapis.com/floorfound-prod-cdn/moes/products/images/ae475521-c6c3-48a6-8532-d7a27c794caa.jpg,$279.36,"$1,449.00",1
YOON 2 SEAT SOFA LEFT FIRED RUST,Moe's Home Collection,https://storage.googleapis.com/floorfound-prod-cdn/moes/products/images/5eb3bfd0-8741-4429-9337-83f10e3caf82.jpg,$306.00,"$1,925.00",2
YOON 2 SEAT SOFA LEFT SWEET CREAM,Moe's Home Collection,https://storage.googleapis.com/floorfound-prod-cdn/moes/products/images/d3bafe61-47cf-4e1b-b34c-7c04a70a014a.jpg,$306.00,"$1,925.00",2
YOON 2 SEAT SOFA RIGHT UMBRA GREY,Moe's Home Collection,https://storage.googleapis.com/floorfound-prod-cdn/moes/products/images/a0ae28ce-6ab2-4478-9a5f-21744bc2707f.jpg,$306.00,"$1,925.00",5
YOON CHAISE LEFT UMBRA GREY,Moe's Home Collection,https://storage.googleapis.com/floorfound-prod-cdn/moes/products/images/d67005b2-409e-419a-9eb1-f815686a940d.jpg,$378.00,"$2,375.00",1
YOON CHAISE LEFT SWEET CREAM,Moe's Home Collection,https://storage.googleapis.com/floorfound-prod-cdn/moes/products/images/71c64f1c-28e3-4918-81de-c02e11e34f5e.jpg,$378.00,"$2,375.00",1
YOON CHAISE RIGHT FIRED RUST,Moe's Home Collection,https://storage.googleapis.com/floorfound-prod-cdn/moes/products/images/47b1a258-84ac-4d31-9449-dcdcb78313a9.jpg,$378.00,"$2,375.00",3
ERIS OUTDOOR COFFEE TABLE WHITE,Moe's Home Collection,https://assets.wfcdn.com/im/18498615/resize-h110-w290%5Ecompr-r85/3771/37711475/default_name.jpg,$234.00,"$1,199.00",5
ERIS OUTDOOR DINING BENCH WHITE,Moe's Home Collection,https://assets.wfcdn.com/im/18498615/resize-h110-w290%5Ecompr-r85/3771/37711475/default_name.jpg,$204.84,"$1,099.00",18
CELIA ROUND DINING TABLE PANDA MARBLE,Moe's Home Collection,https://assets.wfcdn.com/im/18498615/resize-h110-w290%5Ecompr-r85/3771/37711475/default_name.jpg,$484.92,"$1,347.00",25
CELIA OVAL DINING TABLE PANDA MARBLE,Moe's Home Collection,https://assets.wfcdn.com/im/18498615/resize-h110-w290%5Ecompr-r85/3771/37711475/default_name.jpg,$572.04,"$1,589.00",36
POVERA QUEEN BED OAK,Moe's Home Collection,https://assets.wfcdn.com/im/18498615/resize-h110-w290%5Ecompr-r85/3771/37711475/default_name.jpg,$474.84,"$1,319.00",7
BRADBURY COFFEE TABLE LARGE NATURAL ACACIA,Moe's Home Collection,https://storage.googleapis.com/floorfound-prod-cdn/moes/products/images/4f356ee4-226f-43e8-a7b0-a1fc58d8ede4.jpg,$232.56,"$1,425.00",4
CENTURY DINING TABLE WHITE MARBLE LEG,Moe's Home Collection,https://storage.googleapis.com/floorfound-prod-cdn/moes/products/images/6fe21d6c-ffe5-46b4-aed6-4b60836fe1f3.jpg,$549.00,"$1,525.00",16
PALOMA KING BED,Moe's Home Collection,https://storage.googleapis.com/floorfound-prod-cdn/moes/products/images/8f8fd4cc-6133-468f-80d3-177dec067bf6.jpg,$388.44,"$1,079.00",4
PALOMA SIDEBOARD,Moe's Home Collection,https://storage.googleapis.com/floorfound-prod-cdn/moes/products/images/60319a06-8649-4570-87fe-3d4c47f3033f.jpg,$484.92,"$1,347.00",30
JINXX SIDE TABLE BROWN,Moe's Home Collection,https://storage.googleapis.com/floorfound-prod-cdn/moes/products/images/d0a2ece8-78f6-4c5a-b790-8c48d0393aa7.jpg,$86.76,$241.00,3
VIENNA CONSOLE TABLE,Moe's Home Collection,https://storage.googleapis.com/floorfound-prod-cdn/moes/products/images/511f056e-a5fa-4c40-bf7f-0a04c0e30289.jpg,$192.24,"$1,199.00",1
TOBIN ENTERTAINMENT UNIT BROWN,Moe's Home Collection,https://storage.googleapis.com/floorfound-prod-cdn/moes/products/images/a39192f6-fead-4261-b190-a9c44348083e.jpg,$311.40,"$1,599.00",1
TOBIN CONSOLE TABLE BROWN,Moe's Home Collection,https://storage.googleapis.com/floorfound-prod-cdn/moes/products/images/99664f67-8ae6-41bc-b892-3c2e1e6859db.jpg,$193.68,"$1,199.00",48
CALLAN SOFA TAN,Moe's Home Collection,https://assets.wfcdn.com/im/18498615/resize-h110-w290%5Ecompr-r85/3771/37711475/default_name.jpg,"$1,243.08","$3,453.00",7
ADRIA COUNTER STOOL DARK GREY,Moe's Home Collection,https://storage.googleapis.com/floorfound-prod-cdn/moes/products/images/f98d1b39-8175-4f20-a80a-1392580a9c82.jpg,$77.40,$485.00,1
MISAKI KING BED BLACK,Moe's Home Collection,https://assets.wfcdn.com/im/18498615/resize-h110-w290%5Ecompr-r85/3771/37711475/default_name.jpg,$648.72,"$3,349.00",1
MISAKI QUEEN BED NATURAL,Moe's Home Collection,https://assets.wfcdn.com/im/18498615/resize-h110-w290%5Ecompr-r85/3771/37711475/default_name.jpg,$621.00,"$1,725.00",4
MISAKI QUEEN BED BLACK,Moe's Home Collection,https://assets.wfcdn.com/im/18498615/resize-h110-w290%5Ecompr-r85/3771/37711475/default_name.jpg,$621.00,"$1,725.00",4
GRAZE DINING TABLE,Moe's Home Collection,https://storage.googleapis.com/floorfound-prod-cdn/moes/products/images/99fb5c25-bbfb-4c0c-8c72-cb3a51243257.jpg,$378.00,"$1,050.00",37
SUNBURST WINE CABINET,Moe's Home Collection,https://storage.googleapis.com/floorfound-prod-cdn/moes/products/images/6f6e47f4-08be-47d3-b722-64fb334c8500.jpg,$387.36,"$2,425.00",21
OMNI DINING CHAIR BLACK-SET OF TWO,Moe's Home Collection,https://assets.wfcdn.com/im/18498615/resize-h110-w290%5Ecompr-r85/3771/37711475/default_name.jpg,$173.52,"$1,099.00",1
DASH ACCENT TABLE CALACATTA MARBLE,Moe's Home Collection,https://assets.wfcdn.com/im/18498615/resize-h110-w290%5Ecompr-r85/3771/37711475/default_name.jpg,$168.48,$468.00,10
DASH COFFEE TABLE CALACATTA MARBLE,Moe's Home Collection,https://assets.wfcdn.com/im/18498615/resize-h110-w290%5Ecompr-r85/3771/37711475/default_name.jpg,$300.24,$834.00,5
WINSLOW MARBLE SIDE TABLE,Moe's Home Collection,https://storage.googleapis.com/floorfound-prod-cdn/moes/products/images/9e7b285e-aae1-4085-8adc-0185e9721283.jpg,$110.16,$689.00,1
COVELLA STORAGE OTTOMAN,Moe's Home Collection,https://storage.googleapis.com/floorfound-prod-cdn/moes/products/images/1438517a-7ee4-4473-a662-cb09d48143df.jpg,$167.40,"$1,099.00",67
NOVA 6 DRAWER DRESSER,Moe's Home Collection,https://assets.wfcdn.com/im/18498615/resize-h110-w290%5Ecompr-r85/3771/37711475/default_name.jpg,$292.68,"$1,499.00",1
SIERRA DINING TABLE NATURAL,Moe's Home Collection,https://storage.googleapis.com/floorfound-prod-cdn/moes/products/images/dd36f76c-00cd-4b1a-ae44-9110b92863b7.jpg,$157.68,$799.00,2
BRUT BARSTOOL,Moe's Home Collection,https://storage.googleapis.com/floorfound-prod-cdn/moes/products/images/3097f447-9c4d-4d8f-a823-a2003b1bf952.jpg,$54.00,$285.00,1
SCARLETTE KING BED CEDAR GREEN,Moe's Home Collection,https://assets.wfcdn.com/im/18498615/resize-h110-w290%5Ecompr-r85/3771/37711475/default_name.jpg,$668.88,"$1,858.00",3
SCARLETTE QUEEN BED CREAM,Moe's Home Collection,https://assets.wfcdn.com/im/18498615/resize-h110-w290%5Ecompr-r85/3771/37711475/default_name.jpg,$581.76,"$1,616.00",16
VERNON SECTIONAL GREY RIGHT,Moe's Home Collection,https://assets.wfcdn.com/im/18498615/resize-h110-w290%5Ecompr-r85/3771/37711475/default_name.jpg,$746.64,"$2,074.00",2
VERNON SECTIONAL GREY LEFT,Moe's Home Collection,https://assets.wfcdn.com/im/18498615/resize-h110-w290%5Ecompr-r85/3771/37711475/default_name.jpg,$746.64,"$2,074.00",1
VERNON ACCENT CHAIR GREY,Moe's Home Collection,https://assets.wfcdn.com/im/18498615/resize-h110-w290%5Ecompr-r85/3771/37711475/default_name.jpg,$222.84,$619.00,9
AMELIA RIGHT ARM FACING CHAISE ESPRESSO,Moe's Home Collection,https://assets.wfcdn.com/im/18498615/resize-h110-w290%5Ecompr-r85/3771/37711475/default_name.jpg,$331.92,"$1,699.00",5
AMELIA LEFT ARM FACING CHAISE ESPRESSO,Moe's Home Collection,https://assets.wfcdn.com/im/18498615/resize-h110-w290%5Ecompr-r85/3771/37711475/default_name.jpg,$331.92,"$1,699.00",1
AMELIA CORNER CHAIR WARM WHITE,Moe's Home Collection,https://assets.wfcdn.com/im/18498615/resize-h110-w290%5Ecompr-r85/3771/37711475/default_name.jpg,$291.60,$810.00,12
AMELIA CORNER CHAIR ESPRESSO,Moe's Home Collection,https://assets.wfcdn.com/im/18498615/resize-h110-w290%5Ecompr-r85/3771/37711475/default_name.jpg,$271.08,"$1,399.00",6
AMELIA RIGHT ARM FACING CHAIR WARM WHITE,Moe's Home Collection,https://assets.wfcdn.com/im/18498615/resize-h110-w290%5Ecompr-r85/3771/37711475/default_name.jpg,$273.96,$761.00,10
AMELIA LEFT ARM FACING CHAIR ESPRESSO,Moe's Home Collection,https://assets.wfcdn.com/im/18498615/resize-h110-w290%5Ecompr-r85/3771/37711475/default_name.jpg,$254.88,"$1,299.00",1
SCOUT LOUNGE CHAIR BLACK,Moe's Home Collection,https://assets.wfcdn.com/im/18498615/resize-h110-w290%5Ecompr-r85/3771/37711475/default_name.jpg,$230.04,"$1,199.00",1
AMELIA LEFT ARM FACING WARM WHITE,Moe's Home Collection,https://assets.wfcdn.com/im/18498615/resize-h110-w290%5Ecompr-r85/3771/37711475/default_name.jpg,$273.96,$761.00,10
YOLI COFFEE TABLE,Moe's Home Collection,https://storage.googleapis.com/floorfound-prod-cdn/moes/products/images/1a366289-6b50-4b77-a171-d664fa2c0d71.jpg,$135.72,$377.00,13
AFTER HOURS BAR CART,Moe's Home Collection,https://storage.googleapis.com/floorfound-prod-cdn/moes/products/images/9f70f0bd-08c1-4a44-84bb-72634f14df75.jpg,$94.68,$263.00,42
MCGUIRE COUNTER STOOL NATURAL,Moe's Home Collection,https://storage.googleapis.com/floorfound-prod-cdn/moes/products/images/77490735-1249-4d6a-a64c-a003093ec2d8.jpg,$47.52,$299.00,1
BROOK MEDIA UNIT COUNTRY OAK,Moe's Home Collection,https://assets.wfcdn.com/im/18498615/resize-h110-w290%5Ecompr-r85/3771/37711475/default_name.jpg,$436.32,"$1,212.00",12
BROOK NIGHTSTAND COUNTRY OAK,Moe's Home Collection,https://assets.wfcdn.com/im/18498615/resize-h110-w290%5Ecompr-r85/3771/37711475/default_name.jpg,$213.12,$592.00,15
HANLON CORNER BENCH DARK GREY,Moe's Home Collection,https://storage.googleapis.com/floorfound-prod-cdn/moes/products/images/39d2cd95-a0cd-4315-ad0c-59bfce684806.jpg,$373.68,"$2,550.00",42
HANLON DINING TABLE,Moe's Home Collection,https://storage.googleapis.com/floorfound-prod-cdn/moes/products/images/a9b955b9-9243-44ec-a460-4b41d1311884.jpg,$162.00,"$1,025.00",86
ETTA BARSTOOL DARK GREY,Moe's Home Collection,https://storage.googleapis.com/floorfound-prod-cdn/moes/products/images/1e4d24c9-8cf1-4925-b8aa-d2a46ed85559.jpg,$61.56,$299.00,1
ETTA COUNTER STOOL DARK BLUE,Moe's Home Collection,https://storage.googleapis.com/floorfound-prod-cdn/moes/products/images/c7b4f46a-24d6-421e-8a2a-a9de940baee2.jpg,$52.56,$369.00,1
ETTA DINING CHAIR AMBER,Moe's Home Collection,https://assets.wfcdn.com/im/18498615/resize-h110-w290%5Ecompr-r85/3771/37711475/default_name.jpg,$69.48,$359.00,1
NEO SIDEBOARD WHITE,Moe's Home Collection,https://storage.googleapis.com/floorfound-prod-cdn/moes/products/images/9997730b-fb6b-4567-b20d-ad66892290eb.jpg,$408.96,"$2,099.00",13
RIVA BAR TABLE WHITE,Moe's Home Collection,https://storage.googleapis.com/floorfound-prod-cdn/moes/products/images/7377fd53-96b4-45ea-8952-628f99998e03.jpg,$221.04,"$1,399.00",1
RIVA COUNTERTABLE WALNUT,Moe's Home Collection,https://storage.googleapis.com/floorfound-prod-cdn/moes/products/images/9894044b-312d-4efa-91f6-46fa6379af1c.jpg,$198.00,"$1,325.00",1
MARTOS DESK WHITE,Moe's Home Collection,https://storage.googleapis.com/floorfound-prod-cdn/moes/products/images/2a9c9c08-c416-44b0-a7e9-6a919eac2ed1.jpg,$257.04,"$1,725.00",13
REPETIR CONSOLE TABLE WHITE LACQUER,Moe's Home Collection,https://storage.googleapis.com/floorfound-prod-cdn/moes/products/images/41091c68-3dec-457b-9dfa-5bf18f6da3a8.jpg,$141.84,$885.00,6
DOUGLAS DINING CHAIR DARK BROWN-SET OF TWO,Moe's Home Collection,https://assets.wfcdn.com/im/18498615/resize-h110-w290%5Ecompr-r85/3771/37711475/default_name.jpg,$182.52,$939.00,1
DOUGLAS DINING CHAIR BROWN-SET OF TWO,Moe's Home Collection,https://assets.wfcdn.com/im/18498615/resize-h110-w290%5Ecompr-r85/3771/37711475/default_name.jpg,$182.52,$939.00,1
SAILOR COUNTER STOOL AMBER,Moe's Home Collection,https://storage.googleapis.com/floorfound-prod-cdn/moes/products/images/f1ceba6e-b758-4cbc-9918-10cf657b7b3e.jpg,$57.96,$485.00,1
SAILOR BAR STOOL AMBER,Moe's Home Collection,https://storage.googleapis.com/floorfound-prod-cdn/moes/products/images/d9d39376-0791-49b0-a379-a282cd49e485.jpg,$60.48,$299.00,1
SEDONA DINING CHAIR GREEN VELVET WFX,Moe's Home Collection,https://storage.googleapis.com/floorfound-prod-cdn/moes/products/images/67209acb-4456-4f5a-9ecc-7e63fb4706ec.jpg,$78.48,$489.00,2
BECKETT DINING CHAIR GREY,Moe's Home Collection,https://storage.googleapis.com/floorfound-prod-cdn/moes/products/images/548cbb84-71f3-4382-bc28-a8ff0d594968.jpg,$77.76,$535.00,3
KUNA OUTDOOR SOFA BLACK,Moe's Home Collection,https://assets.wfcdn.com/im/18498615/resize-h110-w290%5Ecompr-r85/3771/37711475/default_name.jpg,$542.88,"$1,508.00",2
LUCE OUTDOOR DINING CHAIR,Moe's Home Collection,https://storage.googleapis.com/floorfound-prod-cdn/moes/products/images/59ed0453-3514-4a94-8d74-b6db70fba2fc.jpg,$130.68,$899.00,1
KUNA OUTDOOR LOUNGE CHAIR BLACK,Moe's Home Collection,https://assets.wfcdn.com/im/18498615/resize-h110-w290%5Ecompr-r85/3771/37711475/default_name.jpg,$242.28,$673.00,24
DENMAN 6 DRAWER DRESSER DARK BROWN,Moe's Home Collection,https://assets.wfcdn.com/im/18498615/resize-h110-w290%5Ecompr-r85/3771/37711475/default_name.jpg,$402.84,"$1,119.00",13
PABLO KING BED BROWN,Moe's Home Collection,https://storage.googleapis.com/floorfound-prod-cdn/moes/products/images/1aa25b23-de0b-47f0-9c92-4c9553339709.jpg,$479.52,"$2,449.00",3
PABLO KING BED BLACK,Moe's Home Collection,https://storage.googleapis.com/floorfound-prod-cdn/moes/products/images/74b9e8db-b655-4c06-a821-80540b94f084.jpg,$479.52,"$2,449.00",8
PABLO QUEEN BED BLACK,Moe's Home Collection,https://storage.googleapis.com/floorfound-prod-cdn/moes/products/images/ab6f91af-4dc3-40c3-bfe1-082e6d6d9b81.jpg,$435.96,"$1,211.00",5
O2 QUEEN BED LIGHT GOLDEN,Moe's Home Collection,https://storage.googleapis.com/floorfound-prod-cdn/moes/products/images/f96dde82-e8dc-458c-bc3d-20976e4ea8f0.jpg,$403.20,"$1,120.00",4
ATELIER NIGHTSTAND BLACK,Moe's Home Collection,https://storage.googleapis.com/floorfound-prod-cdn/moes/products/images/1f37faa0-08fb-42bd-be6c-eee2880b6102.jpg,$127.80,$355.00,54
ASHTON NIGHTSTAND,Moe's Home Collection,https://storage.googleapis.com/floorfound-prod-cdn/moes/products/images/40182980-ad16-4001-8f7a-83e1ff4268ff.jpg,$79.56,$499.00,5
ASHTON MEDIA CONSOLE,Moe's Home Collection,https://storage.googleapis.com/floorfound-prod-cdn/moes/products/images/37406e79-0d19-4791-ae22-8b6f9adcf18e.jpg,$198.72,"$1,250.00",14
O2 KING BED BROWN,Moe's Home Collection,https://storage.googleapis.com/floorfound-prod-cdn/moes/products/images/79191bfd-4187-4322-9fa0-e5b83caa93b8.jpg,$422.28,"$2,675.00",1
LACHLAN SIDEBOARD BROWN,Moe's Home Collection,https://assets.wfcdn.com/im/18498615/resize-h110-w290%5Ecompr-r85/3771/37711475/default_name.jpg,$436.32,"$1,212.00",20
LACHLAN 6 DRAWER DRESSER BROWN,Moe's Home Collection,https://assets.wfcdn.com/im/18498615/resize-h110-w290%5Ecompr-r85/3771/37711475/default_name.jpg,$407.16,"$1,131.00",17
LACHLAN NIGHTSTAND BROWN,Moe's Home Collection,https://assets.wfcdn.com/im/18498615/resize-h110-w290%5Ecompr-r85/3771/37711475/default_name.jpg,$129.60,$360.00,24
LACHLAN 4 DRAWER CHEST BROWN,Moe's Home Collection,https://assets.wfcdn.com/im/18498615/resize-h110-w290%5Ecompr-r85/3771/37711475/default_name.jpg,$271.44,$754.00,13
VINTAGE BENCH SMALL GREY,Moe's Home Collection,https://storage.googleapis.com/floorfound-prod-cdn/moes/products/images/795fc0fe-f71a-4706-b93f-9d60213344a5.jpg,$72.00,$499.00,1
EVERETT COFFEE TABLE DARK BROWN,Moe's Home Collection,https://assets.wfcdn.com/im/18498615/resize-h110-w290%5Ecompr-r85/3771/37711475/default_name.jpg,$222.84,$619.00,37
JEDRIK ROUND OUTDOOR DINING TABLE BLACK,Moe's Home Collection,https://assets.wfcdn.com/im/18498615/resize-h110-w290%5Ecompr-r85/3771/37711475/default_name.jpg,$241.56,"$1,249.00",14
LAZARUS OUTDOOR STOOL BLACK,Moe's Home Collection,https://storage.googleapis.com/floorfound-prod-cdn/moes/products/images/75e6dbe6-8d38-4f77-8e09-cce07f6bd2d2.jpg,$64.08,$339.00,1
WHIM ACCENT TABLE IVORY,Moe's Home Collection,https://storage.googleapis.com/floorfound-prod-cdn/moes/products/images/571587a0-7a86-4c11-8633-69188e4139b4.jpg,$58.68,$369.00,1
NOTTE COFFEE TABLE BLACK,Moe's Home Collection,https://storage.googleapis.com/floorfound-prod-cdn/moes/products/images/6476b4ec-50c5-44c2-b643-8ad0da8d1ea5.jpg,$138.96,$729.00,5
XERO CONCRETE STOOL LAVA GREY,Moe's Home Collection,https://storage.googleapis.com/floorfound-prod-cdn/moes/products/images/28ee7b5e-4fc3-4db0-8eeb-53ed464d9485.jpg,$51.12,$319.00,1
KAIA OAK DINING TABLE,Moe's Home Collection,https://storage.googleapis.com/floorfound-prod-cdn/moes/products/images/d27cb11f-2156-4b60-8fad-3abc7e6a7794.jpg,$608.04,"$3,799.00",1
EARTHSTAR OUTDOOR STOOL,Moe's Home Collection,https://storage.googleapis.com/floorfound-prod-cdn/moes/products/images/bc0fb8b6-4841-49cd-9abe-96f8bb102db6.jpg,$56.88,$409.00,7
JEDRIK OUTDOOR DINING TABLE SMALL,Moe's Home Collection,https://storage.googleapis.com/floorfound-prod-cdn/moes/products/images/7ca5fd6f-b388-4977-8d20-e997cf23e3a8.jpg,$272.88,"$1,950.00",7
HAGAN OUTDOOR COUNTER HEIGHT TABLE,Moe's Home Collection,https://storage.googleapis.com/floorfound-prod-cdn/moes/products/images/b34d2f8b-3371-4ce0-92f8-4281ca238891.jpg,$178.92,$929.00,30
CASSIUS OUTDOOR DINING TABLE,Moe's Home Collection,https://storage.googleapis.com/floorfound-prod-cdn/moes/products/images/18951cb0-f33b-4d9e-a81c-5b201ebb3f4b.jpg,$261.72,"$1,725.00",18
KERR DINING CHAIR WALNUT STAINED BLACK VEGAN LEATHER-SET OF TWO,Moe's Home Collection,https://assets.wfcdn.com/im/18498615/resize-h110-w290%5Ecompr-r85/3771/37711475/default_name.jpg,$213.12,$592.00,49
ASHBY DINING CHAIR WALNUT STAINED ASH BEIGE-SET OF TWO,Moe's Home Collection,https://assets.wfcdn.com/im/18498615/resize-h110-w290%5Ecompr-r85/3771/37711475/default_name.jpg,$152.64,$789.00,1
ZIO SIDETABLE BLACK OAK,Moe's Home Collection,https://storage.googleapis.com/floorfound-prod-cdn/moes/products/images/0ec21a2f-8568-4810-8375-a2053ff3b018.jpg,$88.20,$525.00,1
LEONE DINING CHAIR WALNUT-SET OF TWO,Moe's Home Collection,https://assets.wfcdn.com/im/18498615/resize-h110-w290%5Ecompr-r85/3771/37711475/default_name.jpg,$127.80,$355.00,55